id,sahihName,BookNameEn,BookNameAr,TrBookName
1,Sahih al-Bukhari,Revelation,كتاب بدء الوحى,
2,Sahih al-Bukhari,Belief,كتاب الإيمان,
3,Sahih al-Bukhari,Knowledge,كتاب العلم,
4,Sahih al-Bukhari,Ablutions (Wudu'),كتاب الوضوء,
5,Sahih al-Bukhari,Bathing (Ghusl),كتاب الغسل,
6,Sahih al-Bukhari,Menstrual Periods,كتاب الحيض,
7,Sahih al-Bukhari,Rubbing hands and feet with dust (Tayammum),كتاب التيمم,
8,Sahih al-Bukhari,Prayers (Salat),كتاب الصلاة,
9,Sahih al-Bukhari,Times of the Prayers,كتاب مواقيت الصلاة,
10,Sahih al-Bukhari,Call to Prayers (Adhaan),كتاب الأذان,
11,Sahih al-Bukhari,Friday Prayer,كتاب الجمعة,
12,Sahih al-Bukhari,Fear Prayer,كتاب صلاة الخوف,
13,Sahih al-Bukhari,The Two Festivals (Eids),كتاب العيدين,
14,Sahih al-Bukhari,Witr Prayer,كتاب الوتر,
15,Sahih al-Bukhari,Invoking Allah for Rain (Istisqaa),كتاب الاستسقاء,
16,Sahih al-Bukhari,Eclipses,كتاب الكسوف,
17,Sahih al-Bukhari,Prostration During Recital of Qur'an,كتاب سجود القرآن,
18,Sahih al-Bukhari,Shortening the Prayers (At-Taqseer),كتاب التقصير,
19,Sahih al-Bukhari,Prayer at Night (Tahajjud),كتاب التهجد,
20,Sahih al-Bukhari,Virtues of Prayer at Masjid Makkah and Madinah,كتاب فضل الصلاة فى مسجد مكة والمدينة,
21,Sahih al-Bukhari,Actions while Praying,كتاب العمل فى الصلاة,
22,Sahih al-Bukhari,Forgetfulness in Prayer,كتاب السهو,
23,Sahih al-Bukhari,Funerals (Al-Janaa'iz),كتاب الجنائز,
24,Sahih al-Bukhari,Obligatory Charity Tax (Zakat),كتاب الزكاة,
25,Sahih al-Bukhari,Hajj (Pilgrimage),كتاب الحج,
26,Sahih al-Bukhari,`Umrah (Minor pilgrimage),كتاب العمرة,
27,Sahih al-Bukhari,Pilgrims Prevented from Completing the Pilgrimage,كتاب المحصر,
28,Sahih al-Bukhari,Penalty of Hunting while on Pilgrimage,كتاب جزاء الصيد,
29,Sahih al-Bukhari,Virtues of Madinah,كتاب فضائل المدينة,
30,Sahih al-Bukhari,Fasting,كتاب الصوم,
31,Sahih al-Bukhari,Praying at Night in Ramadaan (Taraweeh),كتاب صلاة التراويح,
32,Sahih al-Bukhari,Virtues of the Night of Qadr,كتاب فضل ليلة القدر,
33,Sahih al-Bukhari,Retiring to a Mosque for Remembrance of Allah (I'tikaf),كتاب الاعتكاف,
34,Sahih al-Bukhari,Sales and Trade,كتاب البيوع,
35,Sahih al-Bukhari,Sales in which a Price is paid for Goods to be Delivered Later (As-Salam),كتاب السلم,
36,Sahih al-Bukhari,Shuf'a,كتاب الشفعة,
37,Sahih al-Bukhari,Hiring,كتاب الإجارة,
38,Sahih al-Bukhari,Transferance of a Debt from One Person to Another (Al-Hawaala),كتاب الحوالات,
39,Sahih al-Bukhari,Kafalah,كتاب الكفالة,
40,Sahih al-Bukhari,"Representation, Authorization, Business by Proxy",كتاب الوكالة,
41,Sahih al-Bukhari,Agriculture,كتاب المزارعة,
42,Sahih al-Bukhari,Distribution of Water,كتاب المساقاة,
43,Sahih al-Bukhari,"Loans, Payment of Loans, Freezing of Property, Bankruptcy",كتاب فى الاستقراض,
44,Sahih al-Bukhari,Khusoomaat,كتاب الخصومات,
45,Sahih al-Bukhari,Lost Things Picked up by Someone (Luqatah),كتاب فى اللقطة,
46,Sahih al-Bukhari,Oppressions,كتاب المظالم,
47,Sahih al-Bukhari,Partnership,كتاب الشركة,
48,Sahih al-Bukhari,Mortgaging,كتاب الرهن,
49,Sahih al-Bukhari,Manumission of Slaves,كتاب العتق,
50,Sahih al-Bukhari,Makaatib,كتاب المكاتب,
51,Sahih al-Bukhari,Gifts,كتاب الهبة وفضلها والتحريض عليها,
52,Sahih al-Bukhari,Witnesses,كتاب الشهادات,
53,Sahih al-Bukhari,Peacemaking,كتاب الصلح,
54,Sahih al-Bukhari,Conditions,كتاب الشروط,
55,Sahih al-Bukhari,Wills and Testaments (Wasaayaa),كتاب الوصايا,
56,Sahih al-Bukhari,Fighting for the Cause of Allah (Jihaad),كتاب الجهاد والسير,
57,Sahih al-Bukhari,One-fifth of Booty to the Cause of Allah (Khumus),كتاب فرض الخمس,
58,Sahih al-Bukhari,Jizyah and Mawaada'ah,كتاب الجزية والموادعة,
59,Sahih al-Bukhari,Beginning of Creation,كتاب بدء الخلق,
60,Sahih al-Bukhari,Prophets,كتاب أحاديث الأنبياء,
61,Sahih al-Bukhari,Virtues and Merits of the Prophet (pbuh) and his Companions,كتاب المناقب,
62,Sahih al-Bukhari,Companions of the Prophet,كتاب فضائل أصحاب النبى صلى الله عليه وسلم,
63,Sahih al-Bukhari,Merits of the Helpers in Madinah (Ansaar),كتاب مناقب الأنصار,
64,Sahih al-Bukhari,Military Expeditions led by the Prophet (pbuh) (Al-Maghaazi),كتاب المغازى,
65,Sahih al-Bukhari,Prophetic Commentary on the Qur'an (Tafseer of the Prophet (pbuh)),كتاب التفسير,
66,Sahih al-Bukhari,Virtues of the Qur'an,كتاب فضائل القرآن,
67,Sahih al-Bukhari,"Wedlock, Marriage (Nikaah)",كتاب النكاح,
68,Sahih al-Bukhari,Divorce,كتاب الطلاق,
69,Sahih al-Bukhari,Supporting the Family,كتاب النفقات,
70,Sahih al-Bukhari,"Food, Meals",كتاب الأطعمة,
71,Sahih al-Bukhari,Sacrifice on Occasion of Birth (`Aqiqa),كتاب العقيقة,
72,Sahih al-Bukhari,"Hunting, Slaughtering",كتاب الذبائح والصيد,
73,Sahih al-Bukhari,Al-Adha Festival Sacrifice (Adaahi),كتاب الأضاحي,
74,Sahih al-Bukhari,Drinks,كتاب الأشربة,
75,Sahih al-Bukhari,Patients,كتاب المرضى,
76,Sahih al-Bukhari,Medicine,كتاب الطب,
77,Sahih al-Bukhari,Dress,كتاب اللباس,
78,Sahih al-Bukhari,Good Manners and Form (Al-Adab),كتاب الأدب,
79,Sahih al-Bukhari,Asking Permission,كتاب الاستئذان,
80,Sahih al-Bukhari,Invocations,كتاب الدعوات,
81,Sahih al-Bukhari,To make the Heart Tender (Ar-Riqaq),كتاب الرقاق,
82,Sahih al-Bukhari,Divine Will (Al-Qadar),كتاب القدر,
83,Sahih al-Bukhari,Oaths and Vows,كتاب الأيمان والنذور,
84,Sahih al-Bukhari,Expiation for Unfulfilled Oaths,كتاب كفارات الأيمان,
85,Sahih al-Bukhari,Laws of Inheritance (Al-Faraa'id),كتاب الفرائض,
86,Sahih al-Bukhari,Limits and Punishments set by Allah (Hudood),كتاب الحدود,
87,Sahih al-Bukhari,Blood Money (Ad-Diyat),كتاب الديات,
88,Sahih al-Bukhari,Apostates,كتاب استتابة المرتدين والمعاندين وقتالهم,
89,Sahih al-Bukhari,(Statements made under) Coercion,كتاب الإكراه,
90,Sahih al-Bukhari,Tricks,كتاب الحيل,
91,Sahih al-Bukhari,Interpretation of Dreams,كتاب التعبير,
92,Sahih al-Bukhari,Afflictions and the End of the World,كتاب الفتن,
93,Sahih al-Bukhari,Judgments (Ahkaam),كتاب الأحكام,
94,Sahih al-Bukhari,Wishes,كتاب التمنى,
95,Sahih al-Bukhari,Accepting Information Given by a Truthful Person,كتاب أخبار الآحاد,
96,Sahih al-Bukhari,Holding Fast to the Qur'an and Sunnah,كتاب الاعتصام بالكتاب والسنة,
97,Sahih al-Bukhari,"Oneness, Uniqueness of Allah (Tawheed)",كتاب التوحيد,